Date,finbert_sentiment,weighted_finbert_sentiment,message_count,finbert_sentiment_roll_mean_3d,finbert_sentiment_roll_std_3d,weighted_finbert_sentiment_roll_mean_3d,weighted_finbert_sentiment_roll_std_3d
2020-10-02,-0.5881897270679474,-0.5881897270679475,10,-0.5881897270679474,0.0,-0.5881897270679475,0.0
2020-10-05,-0.4436753034591675,-0.3569666492938995,20,-0.5159325152635574,0.10218712891303354,-0.47257818818092345,0.1634994062608538
2020-10-06,-0.34172276258468626,-0.35138531361165454,20,-0.4578625977039337,0.12384446145827013,-0.43218056332450044,0.13513671672031516
2020-10-07,-0.28064785997072855,-0.2562174469234493,30,-0.35534864200486077,0.08236343408985503,-0.32152313660966775,0.056625194534270416
2020-10-08,-0.3278936393558979,-0.34995098495762905,40,-0.31675475397043756,0.03202486546496214,-0.3191845818309109,0.054535854110051254
2020-10-09,-0.3849477045238018,-0.43139169881293243,40,-0.3311630679501427,0.05222672942036924,-0.3458533768980036,0.08765898371027211
2020-10-12,-0.3205518513917923,-0.19645667791366575,20,-0.3444643984238307,0.03525122717318421,-0.32593312056140905,0.1192948421720366
2020-10-13,-0.13086873590946196,-0.13476041355492283,20,-0.278789430608352,0.1320874915171816,-0.2542029300938403,0.1565199734190397
2020-10-14,-0.18132744630177816,-0.20752717323919737,30,-0.2109160112010108,0.09824221828912383,-0.17958142156926196,0.03920881324720541
2020-10-15,-0.2127265527844429,-0.2511832818274713,40,-0.17497424499856104,0.04129706915731299,-0.19782362287386382,0.05881488103763539
2020-10-16,-0.25134171545505524,-0.2681596630556012,40,-0.2151319048470921,0.035069057018629085,-0.24229003937408997,0.03127925872419347
2020-10-19,-0.13771573603153228,-0.05943284988403321,20,-0.20059466809034346,0.0577763166847967,-0.19292526492236858,0.11591901498234045
2020-10-20,-0.11940637230873108,-0.1448698168831573,20,-0.16948794126510622,0.07147613910836148,-0.1574874432742639,0.10493390303423772
2020-10-21,-0.10634380380312601,-0.11297184669474741,30,-0.12115530404779645,0.015758921429046894,-0.1057581711539793,0.04317286958968495
2020-10-22,-0.24787349849939347,-0.3587062480148445,40,-0.15787455820375018,0.07821454222038886,-0.20551597053091641,0.13362191422905648
2020-10-23,-0.26596355587244036,-0.2604328359979645,40,-0.20672695272498662,0.08740363255918701,-0.2440369769025188,0.12368495116482402
2020-10-26,-0.16606810986995696,-0.21794628262519836,20,-0.22663505474726361,0.05322667238112927,-0.2790284555460025,0.07219895957633399
2020-10-27,-0.2683371752500534,-0.27192538377174724,20,-0.2334562803308169,0.058371933801989934,-0.25010150079830334,0.028433927013396188
2020-10-29,-0.25741674602031706,-0.2498532518798885,30,-0.23060734371344246,0.056158690088609714,-0.2465749727589447,0.027138463030235073
2020-10-30,-0.23085003594557443,-0.20865904381214279,30,-0.2522013190719816,0.019280091078582397,-0.2434792264879262,0.03211119108261296
2020-11-02,-0.20775278210639953,-0.2287054908275604,20,-0.23200652135743036,0.024852171369753866,-0.22907259550653056,0.020599557494425966
2020-11-03,-0.25338066220283506,-0.2558113353251763,20,-0.23066116008493634,0.02281452642707568,-0.2310586233216265,0.023664056565464074
2020-11-04,-0.27225292722384137,-0.28254600748259306,30,-0.24446212384435864,0.03316206303717377,-0.2556876112117766,0.026920471562778655
2020-11-05,-0.2558181881904602,-0.24915191220026817,40,-0.26048392587237884,0.010264863751806123,-0.26250308500267916,0.017674162929004634
2020-11-06,-0.3010878011584282,-0.3262864360400868,40,-0.27638630552424326,0.02291610954542881,-0.28599478524098265,0.03868273830817746
2020-11-09,-0.46036470830440523,-0.4823320841789245,20,-0.3390902325510979,0.10743816042960284,-0.3525901441397598,0.11879462086240904
2020-11-10,-0.1495754599571228,-0.07070711801202946,20,-0.30367598980665206,0.1554107887581371,-0.2931085460770136,0.20780846344597156
2020-11-11,-0.20427773396174112,-0.1905876541749358,30,-0.2714059674077564,0.1659130465522656,-0.24787561878862988,0.2117078443519731
2020-11-12,-0.2396848678588867,-0.2588052751551803,40,-0.19784602059258352,0.045397704245356454,-0.17336668244738185,0.09522421215527743
2020-11-13,-0.1578596740961075,-0.20318416431179218,40,-0.20060742530557843,0.04103588621929232,-0.2175256978806361,0.03629973335826011
2020-11-16,-0.3729043662548065,-0.49484125018119796,20,-0.2568163027366002,0.10854109568331438,-0.3189435632160568,0.15484968260422166
2020-11-17,-0.3284369885921478,-0.272204265234432,20,-0.28640034298102063,0.11351812448716742,-0.323409893242474,0.15242203314885927
2020-11-18,-0.4014248768488566,-0.40798230123334966,30,-0.36758874389860363,0.03678314612453377,-0.3916759388829932,0.11221064947843602
2020-11-19,-0.3836852371692657,-0.37393644045586777,40,-0.3711823675367567,0.038066379783598,-0.35137433564121645,0.07064492335038172
2020-11-20,-0.30186005532741544,-0.3050029359936406,40,-0.36232338978184586,0.053108707515827344,-0.36230722589428604,0.052465382775529285
2020-11-23,-0.10559789538383484,-0.01965756535530093,20,-0.263714395960172,0.1429141732360478,-0.23286564726826975,0.18783296210760347
2020-11-24,-0.1912124663591385,-0.24316646194396235,20,-0.19955680569012957,0.09839679799456338,-0.18927565443096794,0.150112156359786
2020-11-27,-0.3127835810184479,-0.2484171772003173,20,-0.20319798092047373,0.10411155796762493,-0.17041373483319355,0.13058506606580694
2020-11-30,-0.2762305557727814,-0.3186651444435119,20,-0.26007553438345593,0.06237485484507277,-0.2700829278625972,0.042155264542071115
2020-12-01,-0.4248008280992508,-0.4424736962124531,20,-0.33793832163015997,0.07741351423506257,-0.33651867261876073,0.09825245286508182
2020-12-02,-0.2914117256800334,-0.2363172173456504,30,-0.3308143698506885,0.0817478301272871,-0.33248535266720514,0.10377076689125536
2020-12-03,-0.33419663161039354,-0.33568170263982167,40,-0.3501363951298926,0.06810815081063583,-0.3381575387326417,0.103100537185596
2020-12-04,-0.31432655453681946,-0.3049446059416194,40,-0.3133116372757488,0.02141050178423113,-0.2923145086423638,0.05087204293897946
2020-12-07,-0.2610918805003166,-0.2572622716426849,20,-0.30320502221584317,0.037800033327914706,-0.299296193408042,0.03951367121124986
2020-12-08,-0.30490793138742445,-0.3163042273531188,20,-0.29344212214152016,0.02840917485937892,-0.292837034979141,0.03132783250540605
2020-12-09,-0.3551310211420059,-0.3850195579240791,30,-0.3070436110099157,0.047055933087595876,-0.3195286856399609,0.06393965043640129
2020-12-10,-0.309664636105299,-0.29201486994096454,40,-0.3232345295449098,0.027725370909980545,-0.3311128850727208,0.04823836910905405
2020-12-11,-0.27992130666971204,-0.22595592713909196,40,-0.31490565463900566,0.03787778364957477,-0.30099678500137855,0.07991129931517832
2020-12-14,-0.34481585323810576,-0.47026383638381947,20,-0.3114672653377056,0.032484806413021865,-0.3294115444879587,0.12637433315457225
2020-12-15,-0.2769479125738144,-0.21407420574645283,20,-0.3005616908272107,0.03835405371182796,-0.3034313230897881,0.14460328296693478
2020-12-16,-0.327109150091807,-0.31934176236837347,30,-0.31629097196790906,0.035203537832769596,-0.3345599348328819,0.12877102271628194
2020-12-17,-0.27238516360521314,-0.22661180898739303,40,-0.29214740875694484,0.03036358324394484,-0.2533425923674064,0.057499701776350005
2020-12-18,-0.2177808437591944,-0.2533508489465228,39,-0.27242505248540483,0.05466416408152096,-0.26643480676742975,0.04772948279317646
2020-12-21,-0.35946150202500193,-0.36547061861777785,19,-0.2832091697964698,0.07145783067081865,-0.2818110921838979,0.07367449583702458
2020-12-22,-0.2547644555568695,-0.22876754558863285,20,-0.27733560044702193,0.07348771780302682,-0.28252967105097787,0.07287307656779343
2020-12-24,-0.18219003081321716,-0.11234751119255738,30,-0.2654719961316962,0.08911948269188283,-0.2355285584663227,0.12669692320454792
2020-12-28,-0.2758630633354187,-0.2758630633354187,10,-0.23760584990183511,0.04913728285624924,-0.20565937337220297,0.08417140052021414
2020-12-29,-0.33942921459674835,-0.35386022987830723,20,-0.2658274362484614,0.07909851823832798,-0.24735693480209445,0.12325399727681985
2020-12-30,-0.18732955058415732,-0.12160865014506067,30,-0.26754060950544145,0.07639060398046231,-0.25044398111959554,0.11819389314879261
2020-12-31,-0.17825745940208435,-0.13453573915338413,40,-0.23500540819433,0.09054735897463395,-0.20333487305891737,0.13051892464987877
2021-01-04,-0.42928622364997865,-0.4292862236499787,10,-0.26495774454540677,0.14238490964010275,-0.22847687098280786,0.17402607418577656
2021-01-05,-0.291994708776474,-0.26082629744663444,20,-0.2998461306095123,0.12569842377116933,-0.2748827534166658,0.14787714493312468
2021-01-06,-0.2085584839185079,-0.15270556681501843,30,-0.3099464721149869,0.11145350208478183,-0.28093936263721053,0.13938298489175344
2021-01-07,-0.18407742232084273,-0.13422738254514954,40,-0.22821020500527486,0.05657895178633744,-0.1825864156022675,0.0683847216616632
2021-01-08,-0.06917631328105926,-0.041547546442709096,40,-0.1539374065068033,0.07441883355612677,-0.10949349860095903,0.05956383243627088
2021-01-11,-0.07699554562568664,-0.14138380050659177,20,-0.11008309374252954,0.06420012145573549,-0.10571957649815016,0.05568968181438094
2021-01-12,-0.2210134118795395,-0.2293461099374077,20,-0.12239509026209512,0.0854954099212112,-0.13742581896223618,0.09396182376953494
2021-01-13,-0.2690181374549866,-0.2962894474585242,30,-0.18900903165340424,0.09993187283572078,-0.2223397859675079,0.0776901299785085
2021-01-14,-0.2687482088804245,-0.283837369994747,40,-0.2529265860716502,0.027637949103014186,-0.2698243091302263,0.035603750023151665
2021-01-15,-0.363405741751194,-0.41330651825392684,40,-0.30039069602886836,0.0545727973068903,-0.33114444523573267,0.07142631336052739
2021-01-19,-0.22772558331489562,-0.22772558331489565,10,-0.2866265113155047,0.06958449268188201,-0.3082898238545232,0.09517621934093919
2021-01-20,-0.24443883299827576,-0.24823313478939418,20,-0.27852338602145515,0.07398374087877135,-0.29642174545273886,0.10174319388272991
2021-01-21,-0.3236168384552002,-0.3635570298320496,30,-0.26526041825612384,0.0512243790844076,-0.27983858264544653,0.07322379201032829
2021-01-22,-0.25794589295983317,-0.23064129745703205,40,-0.27533385480443634,0.04235616897060212,-0.28081048735949193,0.07219841344208427
2021-01-25,-0.22766897529363633,-0.32771052658557887,20,-0.2697439022362232,0.049049901921225665,-0.30730295129155355,0.06876772371711005
2021-01-26,-0.13631801307201385,-0.07772620516204022,20,-0.2073109604418278,0.06331802166864674,-0.21202600973488372,0.12602752454178617
2021-01-27,-0.10628658334414164,-0.062183322984237475,30,-0.15675785723659727,0.06321994693883741,-0.15587335157728555,0.14901814095176918
2021-01-28,-0.1307680770754814,-0.12456410404764755,40,-0.12445755783054563,0.015979320471485106,-0.08815787739797509,0.032472377503791026
2021-01-29,0.013437572121620178,0.028930894313339246,40,-0.07453902943266762,0.07716701173176702,-0.05260551090618195,0.07719442657091054
2021-02-01,-0.13492262363433838,-0.32532681941986086,20,-0.08408437619606653,0.0844820268875897,-0.1403200097180564,0.1776536471831906
2021-02-02,-0.40152022838592527,-0.39000043403475554,20,-0.1743350932995478,0.21026768920675418,-0.22879878638042572,0.2255307303666653
2021-02-03,-0.26935538053512575,-0.20005929523086893,30,-0.26859941085179645,0.13330041009855295,-0.30512884956182845,0.09656799439938063
2021-02-04,-0.20645978376269342,-0.11999717379721143,40,-0.29244513089458146,0.09955901110848635,-0.2366856343542786,0.13867788819026983
2021-02-05,-0.13248031213879585,-0.11297828091216663,40,-0.202765158812205,0.06851228924264978,-0.144344916646749,0.048377527841900754
2021-02-08,-0.02018200159072876,0.06151583552360533,20,-0.11970736583073932,0.09379346539481159,-0.05715320639525758,0.10283030850283646
2021-02-09,-0.12782509326934816,-0.18317483928353293,20,-0.09349580233295757,0.06353426477212033,-0.0782124282240314,0.1259955553551115
2021-02-10,-0.09229054848353067,-0.103269314142588,30,-0.08009921444786917,0.05484733599464576,-0.0749761059675052,0.12477484043677257
2021-02-11,-0.17460269033908843,-0.24305686410022317,40,-0.13157277736398906,0.04128384703812331,-0.17650033917544805,0.07013238549029387
2021-02-12,-0.28227170258760453,-0.2993562523207419,40,-0.1830549804700745,0.09527219234919837,-0.2152274768545177,0.10096225991366452
2021-02-16,-0.3718866527080536,-0.3718866527080536,10,-0.27625368187824884,0.09877956712773887,-0.3047665897096729,0.0645850789360911
2021-02-17,-0.24966865479946138,-0.2219222872673218,20,-0.30127567003170647,0.06328643485896901,-0.29772173076537245,0.07499554300787857
2021-02-18,-0.17540175120035809,-0.12568521154923365,30,-0.26565235290262434,0.09921284233360098,-0.23983138384153635,0.12407392639974109
2021-02-19,-0.13446944504976271,-0.07560960335412382,40,-0.18651328368319406,0.058397894630941305,-0.1410723673902264,0.07436009542844245
2021-02-22,-0.15767319202423097,-0.2452735912799835,20,-0.1558481294247839,0.02052709336024804,-0.14885613539444698,0.08717302325609137
2021-02-23,-0.17779770493507385,-0.1492208500447131,20,-0.15664678066968918,0.021682358413551612,-0.1567013482262735,0.08507899617126302
2021-02-24,-0.194588565826416,-0.18817339462074106,30,-0.17668648759524022,0.018482757064922254,-0.19422261198181254,0.0483112517713374
2021-02-25,-0.10472822189331055,-0.03312045548466311,40,-0.1590381642182668,0.047777197792179656,-0.12350490005003907,0.08066186240585124
2021-02-26,-0.10611570626497269,-0.13567348707917978,40,-0.1351441646615664,0.05148503569587929,-0.11898911239486132,0.07886145923478143
2021-03-01,-0.21528303027153015,-0.15891857147216798,20,-0.14204231947660442,0.06343210990129328,-0.10923750467867029,0.06693606927965998
2021-03-02,-0.13762315809726716,-0.1413193046104333,20,-0.15300729821125666,0.056186119130735616,-0.14530378772059369,0.012123966609597112
2021-03-03,-0.16422006885210674,-0.178863305364797,30,-0.17237541907363466,0.03946702724373165,-0.1597003938157994,0.018784207004652668
2021-03-04,-0.21795857399702073,-0.26684197497056034,40,-0.1732672669821315,0.040924731000330915,-0.1956748616485969,0.06442791717956423
2021-03-05,-0.20356964468955993,-0.1877222434470009,40,-0.19524942917956245,0.027818630868574595,-0.21114250792745273,0.04844009875764843
2021-03-08,-0.026283681392669678,-0.003781961202621471,20,-0.1492706333597501,0.10675253199464818,-0.15278205987339424,0.13496575503443464
2021-03-09,-0.04535654485225678,-0.058200569767840826,20,-0.09173662364482878,0.09731861064118379,-0.08323492480582106,0.09449098399932768
2021-03-10,-0.15661678910255433,-0.21654623762447486,30,-0.07608567178249358,0.07039097365962417,-0.09284292286497904,0.11053157377604278
2021-03-11,-0.19618295282125472,-0.2597361271285888,40,-0.1327187622586886,0.07820158630411618,-0.17816097817363485,0.1061094544680541
2021-03-15,-0.14316485524177552,-0.14316485524177552,10,-0.16532153238852818,0.027560099500776973,-0.2064824066649464,0.058933656576813535
2021-03-16,-0.24843461513519288,-0.27233333298366696,20,-0.19592747439940772,0.0526353449587098,-0.2250781051180104,0.07121802986466046
2021-03-17,-0.15205051898956298,-0.11787835960965001,30,-0.1812166631221771,0.05838174851507673,-0.17779218261169752,0.08284547996469009
2021-03-19,-0.20177354216575621,-0.22139304790642347,30,-0.20075289209683736,0.0482001534476273,-0.2038682468332468,0.07870466116744847
2021-03-22,-0.28613017201423646,-0.28240792036056517,20,-0.2133180777231852,0.06778123313079878,-0.20722644262554624,0.08317459719836576
2021-03-23,-0.1038160502910614,-0.0638348436995801,20,-0.19723992149035133,0.0912415751302247,-0.18921193732218963,0.11278415389179555
2021-03-24,-0.05303567449251811,-0.008398035551160431,30,-0.14766063226593865,0.12257659531957674,-0.11821359987043524,0.1448728445407654
2021-03-25,-0.12092243432998658,-0.14726977665766608,40,-0.09259138637118869,0.03530790067949331,-0.07316755196946889,0.0699046829777963
2021-03-26,-0.10136735439300537,-0.16200275797417593,40,-0.09177515440516999,0.03494511075618971,-0.10589019006100082,0.08475143260055304
2021-03-29,-0.14267292618751526,-0.10725302219390868,20,-0.12165423830350237,0.020662507546507308,-0.13884185227525025,0.028331181126967593
2021-03-30,-0.08105384111404419,-0.08046677816856168,20,-0.10836470723152158,0.03139984269678443,-0.11657418611221544,0.04155950039773487
2021-03-31,-0.21179743806521098,-0.2742775947166287,30,-0.1451747351222568,0.0654076931399636,-0.15399913169303303,0.10502169879475005
2021-04-05,-0.16237229704856873,-0.1623722970485687,10,-0.15174119207594128,0.06601694729867814,-0.17237222331125301,0.09729160830565738
2021-04-06,-0.12342959940433502,-0.11458868873634956,20,-0.16586644483937157,0.04428741953406779,-0.18374619350051566,0.08196199888026473
2021-04-07,0.010591375827789306,0.07942153529060474,30,-0.09173684020837147,0.09073274641941467,-0.06584648349810451,0.12805434888332165
2021-04-08,-0.0766124007029411,-0.10527153689273604,39,-0.06315020809316226,0.06801711860215304,-0.04681289677949362,0.10942143852858281
2021-04-09,-0.06855512123841506,-0.1128081043237785,39,-0.044858715371188934,0.048189878590565643,-0.04621936864196993,0.108873447258303
2021-04-12,-0.11107690930366516,-0.09915371060371399,20,-0.08541481041500709,0.02258622207498795,-0.10574445060674283,0.006839470191563806
2021-04-13,-0.10930382311344147,-0.11341270284451649,20,-0.09631195121850722,0.024054462508382106,-0.10845817259066966,0.008063568967450516
2021-04-14,-0.11105743358875143,-0.11413279359194017,29,-0.11047938866861934,0.0010181162048749364,-0.10889973568005688,0.008447981194501073
2021-04-15,-0.10537403210615501,-0.1027313762189349,39,-0.10857842960278263,0.0029103109648186596,-0.11009229088513052,0.006384898684660222
2021-04-16,-0.12600171871674368,-0.13435088491693986,39,-0.11414439480388335,0.010654687272925196,-0.11707168490927165,0.016013311469121636
2021-04-19,-0.21423910260200502,-0.2397908306121826,20,-0.1485382844749679,0.057825802983162845,-0.15895769724935246,0.07176660030623998
2021-04-20,-0.22409088015556336,-0.21665939132318363,20,-0.188110567158104,0.05401292596476345,-0.196933702284102,0.055418612785812636
2021-04-21,-0.1653920809427897,-0.13344249223739837,30,-0.2012406879001193,0.031434158901216876,-0.19663090472425485,0.05593163215347819
2021-04-22,-0.15535953640937805,-0.12984948860635936,40,-0.18161416583591036,0.03712635764519184,-0.1599837907223138,0.04911537637415743
2021-04-23,-0.16204962134361267,-0.1885889886468052,40,-0.1609337462319268,0.005108509606752498,-0.15062698983018766,0.032925103407397335
2021-04-26,-0.09227051138877869,0.0225185751914978,20,-0.1365598897139231,0.03850131274940551,-0.09863996735388891,0.10895928845234847
2021-04-27,0.08933576345443725,0.08713162114404074,20,-0.05499478975931802,0.12977196341954422,-0.02631293077042222,0.14420073039600295
2021-04-28,0.021874630451202394,-0.011634014943191667,30,0.006313294172287004,0.09179774591838481,0.03267206046411563,0.050159572020849835
2021-04-29,0.10628869831562042,0.15138564343956326,40,0.07249969740708671,0.044654490852740245,0.07562774988013744,0.08211642068033552
2021-04-30,-0.018987967073917388,-0.08807407906216316,40,0.0363917872309685,0.06388757002349177,0.01722584981140281,0.1223107048479038
2021-05-03,-0.17842431664466857,-0.044241689443588264,20,-0.03037452846765516,0.14269763683125333,0.006356624977937278,0.1274965950207126
2021-05-04,-0.0736415594816208,-0.10062443693342074,20,-0.09035128106673555,0.08102097560323858,-0.07764673514639073,0.0296023762471677
2021-05-05,-0.0790954202413559,-0.09538403894669378,30,-0.11038709878921506,0.05898502699354587,-0.08008338844123426,0.031150216420487275
2021-05-06,0.013518813997507095,0.07447880504079216,40,-0.046406055241823174,0.05196805378604813,-0.04050989027977411,0.09961759624388311
2021-05-07,-0.05070177540183067,-0.04917607026135086,40,-0.0387594605485598,0.04744800584801802,-0.02336043472241749,0.08782472157990881
2021-05-10,-0.31564104855060576,-0.3780243003368377,20,-0.11760800331830974,0.17448176488871808,-0.11757385518579881,0.23387701432810334
2021-05-11,-0.2747605323791504,-0.24187557586518388,20,-0.21370111877719555,0.1426337744232101,-0.2230253154877908,0.16523252961558965
2021-05-12,-0.25208025574684145,-0.2245301612896572,30,-0.2808272788921992,0.03221176268695855,-0.2814766791638929,0.08406127656248782
2021-05-13,-0.34216317534446716,-0.3948920441928562,40,-0.2896679878234863,0.04685517337153609,-0.2870992604492324,0.0937532880602006
2021-05-14,-0.35662924125790596,-0.42945443599330296,40,-0.31695755744973814,0.05664905094473784,-0.34962554715860544,0.1097054301573887
2021-05-17,-0.42335140854120257,-0.3908758145570755,20,-0.3740479417145252,0.04330635803897584,-0.4050740982477448,0.02120927100497433
2021-05-18,-0.22190593481063842,-0.18846093807599665,20,-0.33396219486991563,0.10261781504982136,-0.3362637295421251,0.12944622969350947
2021-05-19,-0.2363069772720337,-0.22627804689292297,30,-0.2938547735412915,0.11237829578356692,-0.268538266508665,0.1076215135402335
2021-05-20,-0.20362315475940704,-0.17326250413864988,40,-0.22061202228069302,0.016380284513266084,-0.19600049636918981,0.027300103439820134
2021-05-21,-0.17528363615274428,-0.19598842197313185,40,-0.20507125606139498,0.030537432576689526,-0.1985096576682349,0.026597545290030656
2021-05-24,-0.3028684049844742,-0.33106904149055477,20,-0.22725839863220845,0.06699579743652997,-0.23343998920077882,0.08530938238907113
2021-05-25,-0.4285726428031921,-0.44644011986606746,20,-0.3022415613134702,0.12664566681191097,-0.32449919444325137,0.12535503744178889
2021-05-26,-0.3985322614510854,-0.3931600496386045,30,-0.37665776974625054,0.06564494566914429,-0.39022307033174225,0.05774158654703619
2021-05-27,-0.28979558795690535,-0.2044862764644163,40,-0.37230016407039423,0.07301273818790052,-0.3480288153230295,0.1271339325960744
2021-05-28,-0.28681945204734804,-0.2530551908153881,40,-0.3250491004851129,0.06365567967904609,-0.2835671723061363,0.09796776986241482
2021-06-01,-0.07960803508758545,-0.07960803508758543,10,-0.2187410250306129,0.12050189215984512,-0.17904983412246325,0.08947758605806139
2021-06-02,-0.18103907704353334,-0.20406631539988793,20,-0.1824888547261556,0.10361331584847028,-0.1789098471009538,0.08941820217647307
2021-06-03,-0.27438950339953105,-0.33087837020098587,30,-0.17834553851021662,0.09741866587986182,-0.20485090689615307,0.1256370049581816
2021-06-04,-0.3110992550849915,-0.37056113190388235,40,-0.25550927850935196,0.06705415458397587,-0.30183527250158537,0.08696411399915129
2021-06-07,-0.21777219772338868,-0.09569841027259825,20,-0.26775365206930374,0.0470160696049938,-0.26571263745915547,0.14856752161382358
2021-06-08,-0.18246859610080718,-0.22064322663880923,20,-0.23711334963639574,0.066460678040988,-0.22896758960509658,0.1376203117266309
2021-06-09,-0.14874842762947083,-0.1518972258867296,30,-0.18299640715122223,0.03451491196386215,-0.15607962093271235,0.06257732101518113
2021-06-10,-0.19501430690288543,-0.23179614405771753,40,-0.1754104435443878,0.023926889358371436,-0.20144553219441877,0.04327092424722035
2021-06-11,-0.28420675098896026,-0.30801701976841656,40,-0.20932316184043884,0.06885344464192708,-0.2305701299042879,0.07806711755562264
2021-06-14,-0.3320698767900467,-0.30866040587425225,20,-0.27043031156063074,0.06955860853816336,-0.28282452323346213,0.04419304354078774
2021-06-15,-0.10316385328769684,-0.060054291338511645,20,-0.23981349368890123,0.12073757852962137,-0.2255772389937268,0.14334743854277138
2021-06-16,-0.13438363671302794,-0.12753415331626525,30,-0.18987245559692378,0.12413198082992905,-0.16541628350967638,0.12855948773673748
2021-06-17,-0.14603242725133897,-0.15100762148195945,40,-0.12785997241735456,0.022166355255227237,-0.11286535537891211,0.04721765867491661
2021-06-18,-0.17346140146255493,-0.2517588350811524,40,-0.15129248847564059,0.02006287884420638,-0.17676686995979232,0.06599694728927939
2021-06-21,-0.3601481929421425,-0.334575115442276,20,-0.22654734055201212,0.1165117074636575,-0.24578052400179592,0.0919296544224924
2021-06-22,-0.33804216235876083,-0.342699724850071,20,-0.29055058558781943,0.10200282803127775,-0.30967789179116645,0.05032360447285813
2021-06-23,-0.3541267842054367,-0.36420952897591086,30,-0.3507723798354467,0.011428393086801285,-0.3471614564227526,0.015312736621538306
2021-06-24,-0.3335600681602955,-0.32364857879057923,40,-0.34190967157483093,0.01081506693796633,-0.34351927753885364,0.020292890871965223
2021-06-25,-0.23007663935422898,-0.13957895125310224,40,-0.3059211639066537,0.06648339176559737,-0.2758123530065308,0.11971195631584813
2021-06-28,-0.08070342540740967,-0.18696987152099612,20,-0.21478004430731135,0.12712045394462343,-0.21673246718822584,0.0955759698935074
2021-06-29,-0.22700558602809906,-0.2200113112161245,20,-0.1792618835965792,0.08536793954759969,-0.18218671133007427,0.04042895123997557
2021-06-30,-0.2674649218718211,-0.28334839384219823,30,-0.1917246444357766,0.09825234231374429,-0.2301098588597729,0.048976426876487185
2021-07-01,-0.28993497639894483,-0.31584856756330254,40,-0.2614684947662883,0.03189035742407939,-0.2730694242072084,0.04873846364634874
2021-07-02,-0.2506803676486015,-0.22540934895613374,40,-0.2693600886397891,0.01969580716407505,-0.27486877012054484,0.045812018940605895
2021-07-06,-0.14461793303489684,-0.14461793303489687,10,-0.2284110923608144,0.0751744719928218,-0.2286252831847777,0.0856606048599491
2021-07-07,-0.10372430086135864,-0.09444048205048486,20,-0.16634086718161897,0.075848110011728,-0.15482258801383847,0.06607807701550367
2021-07-08,-0.22178983787695566,-0.2737766253256988,30,-0.15671069059107037,0.05995451481481226,-0.17094501347036015,0.09252134588514449
2021-07-09,-0.21828293278813363,-0.2447823812041772,40,-0.18126569050881594,0.06717570191050884,-0.20433316286012027,0.09626768678892683
2021-07-12,-0.07260263562202454,0.00849311351776122,20,-0.17089180209570456,0.08513897333415248,-0.17002196433737157,0.15527682156156694
2021-07-13,0.032135626673698424,0.025229269762383766,20,-0.0862499805788199,0.125765858837015,-0.07035333264134405,0.15129158756640276
2021-07-15,-0.16461089452107747,-0.32898217239580907,30,-0.06835930115646784,0.09844187531788189,-0.09841992970522134,0.19984803113202346
2021-07-16,-0.22688944935798644,-0.25289551787285963,30,-0.11978823906845515,0.13520466092066982,-0.18554947350209497,0.18646193635227123
2021-07-19,-0.2132698267698288,-0.2666644918918609,20,-0.2015900568829642,0.03274091273316922,-0.28284739405350984,0.04054268726791298
2021-07-20,-0.339891842007637,-0.34843494519835483,20,-0.260017039378484,0.06950799667049506,-0.2893316516543584,0.05164586761973154
2021-07-21,-0.28063878615697224,-0.2565160192427099,30,-0.277933484978146,0.06335434220771337,-0.29053848544430855,0.05039591167264035
2021-07-22,-0.2688989549875259,-0.2464859553109635,40,-0.29647652771737837,0.03805421192408587,-0.2838123065840094,0.05618909691149118
2021-07-23,-0.22553563863039017,-0.1909423435966832,40,-0.25835779325829605,0.02902458069956202,-0.2313147727167855,0.03532138616209741
2021-07-26,-0.15901651084423066,-0.17714181542396543,20,-0.21781703482071554,0.05534636859184261,-0.204856704777204,0.03670639616556484
2021-07-27,-0.2759776830673218,-0.29567250795819583,20,-0.22017661084731419,0.05866445547377639,-0.22125222232628147,0.06481819057651404
2021-07-28,-0.27844013075033824,-0.2896001691315722,30,-0.23781144155396353,0.06824951824966664,-0.2541381641712445,0.06674988101124829
2021-07-29,-0.26781270280480385,-0.26602783257744744,40,-0.2740768388741546,0.005562864610019619,-0.2837668365557385,0.015659582411823917
2021-07-30,-0.17439126148819922,-0.0734810405557679,40,-0.24021469834778042,0.05725189242452877,-0.2097030140882625,0.11855898665841826
2021-08-02,-0.0746391922235489,-0.23009895563125607,20,-0.17228105217218395,0.09660404254010038,-0.18986927625482378,0.1023835294688941
2021-08-03,-0.17819103896617888,-0.14287802973580954,20,-0.14240716422597563,0.05871952911265306,-0.14881934197427782,0.0784778135780073
2021-08-04,-0.20111639102300008,-0.1942341138953244,30,-0.15131554073757592,0.06738575337425268,-0.18907036642079666,0.04383914568625038
2021-08-05,-0.2900237515568733,-0.3534531940153908,40,-0.22311039384868406,0.05907149076813898,-0.2301884458821749,0.10979531157708271
2021-08-06,-0.33985708057880404,-0.433707444291385,40,-0.2769990743862258,0.07028140860963655,-0.32713158406736675,0.12188719930918562
2021-08-09,-0.381084232032299,-0.2898915028572082,20,-0.3369883547226588,0.04559797108569854,-0.35901738038799463,0.0720692471179035
2021-08-10,-0.297011236846447,-0.31242951763604443,20,-0.33931751648584996,0.042039094625573814,-0.3453428215948792,0.07735127947076653
2021-08-11,-0.28436669806639353,-0.28610644029343923,30,-0.3208207223150465,0.052571275834063264,-0.2961424869288973,0.014231380874482275
2021-08-12,-0.2378924585878849,-0.20369436585360773,40,-0.27309013116690845,0.031130824057117267,-0.2674101079276971,0.05672740026861018
2021-08-16,-0.4094025194644928,-0.40940251946449285,10,-0.31055389203959033,0.0887031684418142,-0.29973444187051324,0.10352899562798062
2021-08-17,-0.3049648284912109,-0.28125500990851776,20,-0.3174199355145295,0.08643073824569722,-0.29811729840887274,0.10388557982512195
2021-08-18,-0.2392713189125061,-0.19571633447563488,30,-0.31787955562273656,0.08579772131575789,-0.29545795461621516,0.10754877564412596
2021-08-19,-0.23753370791673661,-0.21179344577873105,40,-0.2605899517734845,0.03843959008337903,-0.22958826338762786,0.0454610591496002
2021-08-20,-0.08146102577447892,-0.010721342529455084,40,-0.1860886842012405,0.09061437526073554,-0.13941037426127365,0.11173749837461813
2021-08-23,-0.024984195828437805,-0.16890763878822326,20,-0.11465964317321775,0.11009511760352589,-0.13047414236546978,0.10590253968498689
2021-08-25,-0.27192856669425963,-0.27498218991038637,20,-0.12612459609905877,0.12938897349149583,-0.15153705707602155,0.13298402797474276
2021-08-26,-0.20087494750817617,-0.15997207246102002,30,-0.16592923667695783,0.12712703333557102,-0.2012873003865432,0.06397783712228433
2021-08-27,-0.02157901426156362,0.06181555184069666,30,-0.16479417615466643,0.12901585618407874,-0.12437957017690322,0.1711966687067565
2021-08-30,-0.1665184497833252,-0.4302482390403747,20,-0.12965747051768828,0.09516200273223331,-0.17613491988689933,0.24642975023674973
2021-08-31,-0.5730311721563339,-0.5655310108265779,20,-0.2537095454004075,0.2858786210577491,-0.3113212326754186,0.33014943897394233
2021-09-01,-0.48740459481875104,-0.4424906302607535,30,-0.40898473891947,0.21430213184246896,-0.47942329337590195,0.07482227802681697
2021-09-02,-0.4369614988565445,-0.3735967106949623,40,-0.49913242194387647,0.06878877411893475,-0.46053945059409784,0.09723175318959493
2021-09-03,-0.3653899170458317,-0.33388024007163736,40,-0.4299186702403757,0.06131147098378203,-0.3833225270091177,0.05495450701708227
2021-09-07,-0.08199160695075988,-0.08199160695075988,10,-0.294781007617712,0.18772351905894083,-0.2631561859057865,0.15814487981170114
2021-09-09,-0.15919008255004882,-0.19252382023742953,20,-0.20219053551554675,0.14651085201313288,-0.20279855575327554,0.1262582611804725
2021-09-10,-0.24961525599161785,-0.3190912558190778,30,-0.16359898183080882,0.08389875281608215,-0.1978688943357557,0.1186401628294876
2021-09-13,-0.25597902536392214,-0.15128707885742185,20,-0.22159478796852958,0.054137647103762454,-0.22096738497130966,0.08744334012675001
2021-09-14,-0.22135973274707793,-0.2531129046104691,20,-0.2423180047008726,0.01842718813663482,-0.24116374642898952,0.08453784500079939
2021-09-15,-0.14897149801254272,-0.13030031768909506,30,-0.20877008537451425,0.054603362013599374,-0.17823343371899525,0.06569103749237303
2021-09-16,-0.14946936070919037,-0.13937556944892082,40,-0.17326686382293696,0.04165039012820998,-0.17426293058282827,0.06843667767904674
2021-09-17,-0.24458359330892562,-0.2850573410641259,40,-0.18100815067688622,0.05505851111509418,-0.18491107606738053,0.08684783154014135
2021-09-20,-0.36432859003543855,-0.30575611710548395,20,-0.2527938480178515,0.10766465677489745,-0.24339634253951015,0.09067717881680858
2021-09-21,-0.15805300772190095,-0.13338580728716948,20,-0.25565506368875496,0.10358251327794622,-0.24139975515225967,0.09411359908352454
2021-09-22,-0.19652491907278696,-0.20250076134255118,30,-0.2396355056100421,0.10968726438555632,-0.21388089524506815,0.08674682422109073
2021-09-23,-0.25893116369843483,-0.3095141054128899,40,-0.2045030301643742,0.050910099987613075,-0.21513355801420345,0.08874111230977509
2021-09-24,-0.3647819571197033,-0.47963735083740905,40,-0.27341267996364166,0.08505817684435187,-0.3305507391976166,0.1397607859163467
2021-09-27,-0.5125982075929642,-0.4060905468463897,20,-0.3787704428037007,0.12741075538723576,-0.39841400103222946,0.0853210212970433
2021-09-28,-0.29736921191215515,-0.2888067388268828,20,-0.3915831255416075,0.11008908718409423,-0.3915115455035605,0.09624703153964649
2021-09-29,-0.292519877354304,-0.28585356203115136,30,-0.36749576561980773,0.12568579080923822,-0.32691694923480785,0.06858224429374722
2021-09-30,-0.3018900975584984,-0.30524348954457614,40,-0.2972597289416525,0.004686069414711288,-0.2933012634675367,0.010447147268659177
2021-10-01,-0.2593960776925087,-0.24163085087594502,40,-0.2846020175351036,0.022326101522214797,-0.27757596748389074,0.03260415430912265
2021-10-04,-0.2598562240600586,-0.3167043423652649,20,-0.2737141331036885,0.024402185627295545,-0.28785956092859527,0.040443269053000434
2021-10-05,-0.24802589416503906,-0.22383035800363557,20,-0.255759398639202,0.006701361970440211,-0.26072185041494844,0.04929243289136488
2021-10-06,-0.1685836374759674,-0.11818101215448339,30,-0.2254885852336883,0.049634856561069744,-0.21957190417446124,0.09933015142068466
2021-10-07,-0.15813649147748948,-0.12196439256237751,40,-0.19158200770616526,0.04916014599057876,-0.15465858757349873,0.05993437127523188
2021-10-08,-0.13358918577432632,-0.1649241213133724,40,-0.15343643824259434,0.017964431184501115,-0.13502317534341102,0.025963983116070403
2021-10-11,-0.40326769053936007,-0.4913799858093262,20,-0.2316644559303919,0.1491187283694324,-0.25942283322835863,0.2020259266745049
2021-10-12,-0.4700671285390854,-0.4518928948356719,20,-0.3356413349509239,0.1781413609171982,-0.3693990006527901,0.1781776916424795
2021-10-13,-0.38183483481407166,-0.33026208009037955,30,-0.418389884630839,0.046018963260810127,-0.42451165357845916,0.08397645006431345
2021-10-14,-0.3692688122391701,-0.33083685970360777,40,-0.4070569251974423,0.0549289588896865,-0.3709972782098863,0.07005824851400796
2021-10-15,-0.19615792781114577,-0.1078521244711609,40,-0.31575385828812913,0.10376351078693295,-0.256317021421716,0.12857469351627926
2021-10-18,-0.0687005490064621,-0.19531409144401551,20,-0.2113757630189259,0.1508608865710062,-0.21133435853959467,0.11235227970553754
2021-10-19,-0.3444302499294281,-0.35912029433391485,20,-0.2030962422490119,0.13799573235501203,-0.22076217008303034,0.1275524473554213
2021-10-20,-0.33349513411521914,-0.3356867345118859,30,-0.2488753110170364,0.15613168428811283,-0.29670704009660537,0.08858713483815345
2021-10-21,-0.27214676439762114,-0.22694468155845487,40,-0.3166907161474228,0.038961736583270776,-0.3072505701347518,0.07052701423216926
2021-10-22,-0.26072742491960527,-0.22641279595064365,40,-0.2887897744774818,0.03913473155373922,-0.26301473734032804,0.06293635757852609
2021-10-25,-0.2072301149368286,-0.19114072680473324,20,-0.24670143475135162,0.034656733032037,-0.21483273477127718,0.020519604204028995
2021-10-26,-0.02836209535598755,0.006157378772997686,20,-0.1654398784041404,0.1216890689334735,-0.13713204799412632,0.125339238001899
2021-10-27,-0.018098564942677815,0.004317600283932639,30,-0.08456359174516459,0.10635620314812107,-0.06022191591593423,0.11338274771597737
2021-10-28,-0.11931325346231461,-0.18334617993376448,40,-0.055257971253659915,0.055710361677688655,-0.057623733625611316,0.1088827182132315
2021-10-29,0.029356859624385834,0.07892877576497498,40,-0.03601831959353546,0.07593772999216605,-0.03336660129495222,0.1351373833666036
2021-11-02,-0.08307834267616272,-0.08307834267616271,10,-0.0576782455046971,0.07752144434634108,-0.06249858228165067,0.13234305044132663
2021-11-03,-0.16707279682159423,-0.18614151857502712,20,-0.07359809329112363,0.09855738850625669,-0.06343036182873821,0.13362296808149918
2021-11-04,-0.16202688217163086,-0.1692645284253456,30,-0.13739267388979584,0.047105204012421145,-0.1461614632255117,0.055279456155165344
2021-11-05,-0.14498772770166396,-0.13615054963845916,40,-0.15802913556496292,0.011572556025197753,-0.16385219887961056,0.02543116645256185
2021-11-08,0.04720195233821869,0.13184528231620785,20,-0.08660421917835864,0.11619230546041136,-0.057856598582532226,0.16511885601034298
2021-11-09,0.027679005265235902,-0.008779883869236824,20,-0.023368923366069716,0.10577635152347666,-0.004361717063829304,0.13405253311559903
2021-11-10,0.03953989545504252,0.0267644107104916,30,0.03814028435283245,0.009836439855529604,0.04994326971915428,0.07312184331565032
2021-11-11,0.02861236333847046,0.01317757956685794,40,0.0319437546862497,0.00659498334019655,0.010387368802704312,0.01793566771474842
2021-11-12,-0.1218741625547409,-0.18641102982597685,40,-0.017907301253742566,0.09020356936466126,-0.04882301318287569,0.11934821841136987
2021-11-15,-0.26782430410385133,-0.18031572580337524,20,-0.12036203444004051,0.14822411865028512,-0.11784972535416464,0.11351389412284262
2021-11-16,-0.13456977903842926,-0.1374287109286581,20,-0.17475608189900707,0.08084902694376045,-0.1680518221860033,0.026694931917720897
2021-11-17,-0.14323264161745708,-0.14884055853894684,30,-0.1818755749199125,0.074559703146313,-0.15552833175699332,0.022211905460316175
2021-11-18,-0.1520686537027359,-0.1619009900764031,40,-0.1432903581195407,0.008749580105650497,-0.14939008651466926,0.012245390864252557
2021-11-19,-0.24362975507974624,-0.30798593338284064,40,-0.1796436834666463,0.05558940364629171,-0.20624249399939676,0.08835405656315666
2021-11-22,-0.29158065617084505,-0.17359640240669244,20,-0.22909302165110898,0.07088291170830185,-0.21449444195531198,0.08117690493238565
2021-11-23,-0.18534429669380187,-0.20586815090654365,20,-0.24018490264813097,0.05320189164814208,-0.22915016223202547,0.07015465449645623
2021-11-26,-0.2934993505477905,-0.30414994478225704,20,-0.25680810113747904,0.061896905061571694,-0.22787149936516427,0.06800123060831821
2021-11-29,-0.28742300271987914,-0.27312659978866577,20,-0.25542221665382375,0.06076525857901002,-0.26104823182582204,0.050241844923742764
2021-11-30,-0.2577947586774826,-0.25647781626508687,20,-0.279572370648384,0.01910310938297488,-0.2779181202786698,0.024194564695277622
2021-12-01,-0.2388112336397171,-0.22902896261187566,30,-0.26134299834569286,0.024499357682052122,-0.2528777928885427,0.022268150515426292
2021-12-02,-0.2545313619077206,-0.2609432457331424,40,-0.2503791180749733,0.01015009371138405,-0.2488166748700349,0.017281498268156698
2021-12-03,-0.29110344424843787,-0.32617616677242445,40,-0.26148201326529175,0.02683006687109938,-0.2720494583724808,0.04951672231120985
2021-12-06,-0.3406451463699341,-0.29910183787345884,20,-0.29542665084203074,0.043219365509449825,-0.29540708345967515,0.03277303624113753
2021-12-08,-0.18428437411785126,-0.1466657635927462,20,-0.27201098824540765,0.07990972520280466,-0.2573145894128764,0.09677616862049497
2021-12-09,-0.23928971687952677,-0.25445240917446516,30,-0.2547397457891039,0.07931708718679152,-0.23340667021355666,0.07836696709607144
2021-12-10,-0.2626532480634492,-0.2978164642094304,29,-0.228742446353609,0.040234982136636746,-0.23297821232554716,0.07782987486793337
2021-12-13,-0.5076055338508204,-0.5943076233474576,19,-0.33651616626459874,0.14862752915639693,-0.38219216557711766,0.18497252738206688
2021-12-14,-0.4468244105577469,-0.4008760782149911,20,-0.4056943974906721,0.12755063331590324,-0.43100005525729296,0.15052356080157872
2021-12-15,-0.30664206147193906,-0.2160543291184732,30,-0.4203573352935021,0.10306288790067437,-0.4037460102269739,0.18914297774721822
2021-12-16,-0.2906131625175476,-0.2276811786907458,40,-0.3480265448490778,0.08593599421583388,-0.28153719534140326,0.10351387651846951
2021-12-17,-0.22517663091421128,-0.2687050545796301,40,-0.2741439516345659,0.04315762127736165,-0.2374801874629496,0.027659359222237907
2021-12-20,-0.33934450149536133,-0.3104675102233886,20,-0.2850447649757067,0.05728726696785811,-0.26895124783125474,0.041393714867066354
2021-12-21,-0.2822748810052872,-0.2802449946749179,20,-0.2822653378049532,0.05708393588885725,-0.28647251982597877,0.021566460708227382
2021-12-22,-0.34119356075922647,-0.3684554614121441,30,-0.3209376477532916,0.03349569979114342,-0.3197226554368167,0.04482761308826316
2021-12-23,-0.3305641427636147,-0.33780751604707693,40,-0.318010861509376,0.03140129549354546,-0.32883599071137953,0.044784347830872595
2021-12-27,-0.043420839309692386,-0.043420839309692386,10,-0.23839284761084445,0.16893433383261625,-0.2498946055896377,0.17946695032831017
2021-12-28,-0.18454834818840027,-0.21658762061350217,20,-0.18617777675390235,0.1435785863480185,-0.19927199199009038,0.1479552368322536
2021-12-29,-0.2926377514998118,-0.3607692774548994,30,-0.17353564633263474,0.12497290519155513,-0.20692591245936454,0.1588946797461839
2021-12-30,-0.28360541462898253,-0.31497677067713553,40,-0.2535971714390648,0.05996833140552825,-0.29744455624851224,0.07367239272251841
2021-12-31,-0.3794438987970352,-0.38286356451732784,40,-0.31856235497527646,0.05291802680493412,-0.35286987088312083,0.03462592471855216
2022-01-03,-0.32377072870731355,-0.26196830034255975,20,-0.3289400140444437,0.04812790141986433,-0.3199362118456743,0.0606000269595637
2022-01-04,-0.25156099498271944,-0.25855203031531543,20,-0.31825854082902266,0.06411939982095681,-0.3011279650584009,0.07080571226537666
2022-01-05,-0.2253718614578247,-0.2163386987027177,30,-0.26690119504928583,0.05096151069736315,-0.24561967645353086,0.025415535972263804
2022-01-06,-0.19533760994672775,-0.16754068532461444,40,-0.22409015546242386,0.028133597955476836,-0.21414380478088244,0.045545355402610926
2022-01-07,-0.2122005581855774,-0.21686196425831825,40,-0.21097000986337655,0.015054891326010409,-0.2002471160952167,0.02832580823250298
2022-01-10,-0.3217697888612747,-0.34190057754516595,20,-0.24310265233119321,0.06864749473366438,-0.2421010757093661,0.08987826524760786
2022-01-11,-0.5135391980409623,-0.5494584364598871,20,-0.34916984836260473,0.15252644496276968,-0.369406992754457,0.16799570080356707
2022-01-12,-0.4894646147886912,-0.4961022036929996,30,-0.44159120056364265,0.10446422553417085,-0.46248707256601745,0.10778473444708625
2022-01-13,-0.3557591140270233,-0.2582872764187834,40,-0.45292097561889216,0.0850012758768418,-0.43461597219055653,0.15501799446580208
2022-01-14,-0.3101396158337593,-0.21404730859786097,40,-0.38512111488315787,0.09319849319196903,-0.3228122629032145,0.15169491215065325
2022-01-18,-0.3694727778434753,-0.3694727778434753,10,-0.34512383590141926,0.031063449327540568,-0.28060245428670644,0.08007961347941567
2022-01-19,-0.2573277145624161,-0.23186814071930234,20,-0.3123133694132168,0.05610412380606707,-0.27179607572021275,0.0850585040876721
2022-01-20,-0.17155180970827738,-0.11746765395505632,30,-0.2661174340380562,0.09925281750781176,-0.23960285750594448,0.12618048581033248
2022-01-21,-0.32288472428917886,-0.4070902337363117,40,-0.2505880828532907,0.07589123622374805,-0.2521420094702233,0.14587179986338888
2022-01-24,-0.6655842527747154,-0.5988047236204147,20,-0.38667359559072384,0.25311811230528786,-0.3744542037705941,0.24232246387293704
2022-01-25,-0.3291870683431625,-0.2780845213343178,20,-0.43921868180235224,0.19606365975462375,-0.4279931595636812,0.16137862705363765
2022-01-26,-0.26056177020072935,-0.20172152369318053,30,-0.41844436377286903,0.21676243087345265,-0.35953692288263756,0.2107003493224548
2022-01-27,-0.24408381879329683,-0.19861561820483678,40,-0.27794421911239614,0.04513593821570361,-0.2261405544107782,0.04501159225178501
2022-01-28,-0.18687964007258415,-0.2297285597283933,40,-0.23050840968887007,0.03867147365073806,-0.21002190054213674,0.017136976817341068
2022-01-31,-0.24549079090356826,-0.19750427186489106,20,-0.22548474992314968,0.033440406285817306,-0.2086161499327069,0.018292325117588937
2022-02-01,0.12127715647220612,0.18638534359144535,20,-0.10369775816798203,0.19702563516825192,-0.08028249600061287,0.23150249175030346
2022-02-02,-0.025497132539749147,-0.06298724568164636,30,-0.04990358899037036,0.18459804479711253,-0.024702057985030543,0.19478738642819593
2022-02-03,-0.03105888143181801,-0.056292303065261104,40,0.021573714166879726,0.08639048308889855,0.022368598281512775,0.1420821069688465
2022-02-04,-0.07043126672506332,-0.1658794834716008,40,-0.04232909356554341,0.024495558064684803,-0.0950530107395026,0.06142880019919134
2022-02-07,-0.20501335710287094,-0.13421969115734098,20,-0.102167835086584,0.09121648551671939,-0.11879715923140081,0.05639794673219859
2022-02-08,-0.12325660288333892,-0.13148227768994364,20,-0.13290040890375765,0.06780735217168368,-0.14386048410629498,0.019118070193141486
2022-02-09,-0.17146081725756326,-0.1987736939028617,30,-0.1665769257479243,0.04109660584934891,-0.15482522091671527,0.038085096382750636
2022-02-10,-0.28532327711582184,-0.3868160929707261,40,-0.1933468990855746,0.0832205032280586,-0.239024021521177,0.1323401147101531
2022-02-11,-0.2880724400281906,-0.2807110010989157,40,-0.2482855114671918,0.0665463350191578,-0.2887669293241677,0.09427968734821567
2022-02-14,-0.15418378710746766,-0.18788172006607054,20,-0.24252650141715995,0.07651938220400578,-0.2851362713785706,0.09954098876105329
2022-02-15,-0.24017194211483,-0.2469429052967485,20,-0.22747605641682936,0.06784122626009981,-0.23851187548724476,0.046985429145696894
2022-02-16,-0.22926188707351686,-0.22745360292037037,30,-0.20787253876527143,0.04681472915847312,-0.22075940942772965,0.03009426972200546
2022-02-17,-0.21513986736536025,-0.20343764385643553,40,-0.22819123218456897,0.01255033537337792,-0.22594471735785135,0.021791844689656146
2022-02-18,-0.2700300797820091,-0.3024278888659842,40,-0.23814394474029532,0.02850266770116926,-0.24443971188092986,0.05163490171364358
2022-02-22,-0.3656048059463501,-0.3656048059463501,10,-0.2835915843645731,0.07614368155305172,-0.2904901128895898,0.08174001459824363
2022-02-23,-0.4392610311508179,-0.455982731150205,20,-0.3582986389597256,0.0848517164371205,-0.3746718086541796,0.07717791329655654
2022-02-24,-0.48359315693378446,-0.5133510252412982,30,-0.4294863313436507,0.059598417004345455,-0.4449795207792843,0.07448516166215748
2022-02-25,-0.3845386367577773,-0.3235804156633223,39,-0.4357976082807931,0.049618000416254096,-0.43097139068494167,0.09732623710388214
2022-02-28,-0.09610810562183983,-0.11911387042123443,19,-0.3214132997711338,0.20130765602632503,-0.3186817704419515,0.1971642236915926
2022-03-01,-0.13610469698905944,-0.13665420957833754,20,-0.20558381312289212,0.15626437056121845,-0.19311616522096461,0.11332522383411037
2022-03-02,-0.1996833364168803,-0.23048951321195077,30,-0.14396537967592646,0.05223312988697153,-0.16208586440384076,0.0598849751785371
2022-03-03,-0.20998235046863556,-0.23505286097320824,40,-0.18192346129152503,0.04001295782947457,-0.200732194587832,0.05554005003468517
2022-03-04,-0.24103328883647918,-0.2520940865423174,40,-0.21689965857399826,0.0215253688666245,-0.23921215357582534,0.011387018196720925
2022-03-07,-0.3509803533554077,-0.40683580040931694,20,-0.2673319975535074,0.07408660988769823,-0.2979942493082807,0.09464387606593415
2022-03-08,-0.31590549647808075,-0.28680850420232157,20,-0.30263971288998914,0.05616115214039898,-0.3152461303846518,0.08119589546146135
2022-03-09,-0.394613778591156,-0.41766523744707457,30,-0.35383320947488145,0.039431618142384384,-0.3704365140195709,0.07262611235729304
2022-03-10,-0.36511455923318864,-0.3557152778654807,40,-0.35854461143414174,0.03976331951509652,-0.35339633983829216,0.06545918013581102
2022-03-14,-0.4364777743816376,-0.4364777743816376,10,-0.39873537073532733,0.035859695487180196,-0.40328609656473074,0.04225772095447471
2022-03-16,-0.38208501040935516,-0.35859861236498264,20,-0.3945591146747271,0.037281088731401686,-0.3835972215373668,0.04581858854543381
2022-03-17,-0.34917300144831337,-0.31857137357981896,30,-0.3892452620797687,0.04409061971919573,-0.37121592010881294,0.05995729462322873
2022-03-18,-0.31081378559271494,-0.3108053100702977,30,-0.34735726581679444,0.035670289368448196,-0.3293250986716996,0.025647258890017822
2022-03-21,-0.287175278365612,-0.2666403692960738,20,-0.31572068846888,0.031288778958870105,-0.2986723509820633,0.02801095899210129
2022-03-22,-0.1392843782901764,-0.11347950422648392,20,-0.24575781408283437,0.09296310640841063,-0.23030839453095167,0.10355857137739861
2022-03-23,-0.23497937321662904,-0.267854969713888,30,-0.22047967662413906,0.07500406977115555,-0.21599161441214845,0.08878016875734229
2022-03-24,-0.19644984602928162,-0.18572530560777314,40,-0.1902378658453623,0.04814898271871937,-0.18901992651604824,0.07724044912680252
2022-03-25,-0.19227040633559228,-0.20325863428643864,40,-0.20789987519383424,0.023544454525710464,-0.2189463032026998,0.04325387437635541
2022-03-28,-0.329026360809803,-0.3847025746107101,20,-0.23924887105822557,0.0777776650370098,-0.25789550483497387,0.11016750479369983
2022-03-29,-0.3844867408275604,-0.37601119918494175,20,-0.30192783599098516,0.09893193289782229,-0.32132413602736337,0.10234003140365051
2022-03-30,-0.2797280788421631,-0.22513355133876134,30,-0.3310803934931755,0.05240952778780857,-0.32861577504480427,0.08972353631605579
2022-03-31,-0.2115418031811714,-0.12931945194318037,40,-0.29191887428363156,0.08711457676244681,-0.24348806748896104,0.12436587448584625
2022-04-01,-0.2595038875937462,-0.3218180912050053,40,-0.2502579232056935,0.0350208215241748,-0.22542369816231556,0.09624964762687709
2022-04-04,-0.3860446125268936,-0.2494703471660614,20,-0.2856967677672703,0.09015185991551092,-0.23353596343808225,0.09723353314575406
2022-04-05,-0.10320461094379425,-0.09066922559922251,20,-0.2495843703548113,0.141680677019035,-0.22065255465676295,0.11823831186016581
2022-04-06,-0.21154929002126058,-0.25722124149812814,30,-0.23359950449731606,0.1427034533314173,-0.19912027142113722,0.0940012824148536
2022-04-07,-0.18234112486243248,-0.1858474527876281,40,-0.1656983419424957,0.056056926767259437,-0.17791263996165943,0.08355904763061114
2022-04-08,-0.2364649258553982,-0.27078556467011167,40,-0.21011844691303036,0.02709025548941621,-0.23795141965195588,0.045630200942224336
2022-04-11,-0.3193079620599747,-0.2859431147575378,20,-0.2460380042592684,0.06898341464127122,-0.24752537740509242,0.053949630397264636
2022-04-12,-0.16618448197841645,-0.14404618639785688,20,-0.24065245663126303,0.07664758051348397,-0.23359162194183533,0.07791807621620199
2022-04-13,-0.2617306967576345,-0.29639239540542056,30,-0.24907438026534182,0.07734233509816413,-0.24212723218693832,0.08510120753446758
2022-04-14,-0.2581596478819847,-0.2748948276630078,40,-0.22869160887267848,0.05416219882860787,-0.23844446982209497,0.08245491671084294
2022-04-18,0.014000409841537475,0.014000409841537474,10,-0.1686299782660272,0.15817263383012198,-0.18576227107563023,0.17333315571500046
2022-04-19,-0.18518150746822357,-0.23040049958071282,20,-0.14311358183622352,0.14087248500062852,-0.16376497246739427,0.1555484961947698
2022-04-20,-0.27336520155270894,-0.3386158749113062,30,-0.14818209972646493,0.1472123153235758,-0.1850053215501604,0.18063804336170117
2022-04-21,-0.33521788716316225,-0.4186225535725886,40,-0.2645881987280315,0.07540229202039761,-0.32921297602153576,0.09446267137276289
2022-04-22,-0.4756783902645111,-0.5053020867691277,40,-0.36142049299346074,0.10367057922047106,-0.420846838417674,0.08336536384003666
2022-04-25,-0.41208609044551847,-0.3306327831745147,20,-0.4076607892910638,0.0703347403535544,-0.41818580783874354,0.08733547082762988
2022-04-26,-0.30039415657520296,-0.3058571562776481,20,-0.3960528790950774,0.08873521592168529,-0.3805973420737634,0.10870562512669325
2022-04-27,-0.42595473726590477,-0.48901127435250397,30,-0.379478328095542,0.06883904763977443,-0.3751670712682222,0.09936717191283331
2022-04-28,-0.34690004885196685,-0.3224294517647803,40,-0.35774964756435806,0.06347952583322951,-0.37243262746497735,0.10129953567032357
2022-04-29,-0.38873539566993714,-0.37886920167396526,40,-0.38719672726260285,0.039549798550778684,-0.3967699759304164,0.08472133257567
2022-05-02,-0.3819063439965248,-0.34484697103500356,20,-0.37251392950614287,0.022443532438421523,-0.3487152081579163,0.02841801869029851
2022-05-03,-0.2965049847960472,-0.291139115010026,20,-0.35571557482083627,0.051391433770643445,-0.3382850959063315,0.04423161403813791
2022-05-04,-0.2513504534959793,-0.226950723627699,30,-0.3099205940961837,0.06630380129199345,-0.28764560322424276,0.059025712673623665
2022-05-05,-0.19456858709454536,-0.13791050262588087,40,-0.2474746751288572,0.05107860156222997,-0.21866678042120183,0.07694946198368809
2022-05-06,-0.18659268766641618,-0.1913304712386716,40,-0.21083724275231353,0.035311385224774866,-0.18539723249741705,0.04481565273968202
2022-05-09,-0.2634337157011032,-0.24855167031288142,20,-0.21486499682068816,0.04225037376385601,-0.19259754805914453,0.0553314658177203
2022-05-10,-0.3438240110874176,-0.3677054625378676,20,-0.26461680481831223,0.07862233805398064,-0.2691958680298068,0.08998150678600322
2022-05-12,-0.3607839455207189,-0.3840993949166392,30,-0.32268055743641316,0.05200529815030633,-0.3334521759224626,0.07398149866204301
2022-05-16,-0.28624573945999143,-0.28624573945999143,10,-0.3302845653560426,0.039070109850404024,-0.34601686563816597,0.05240830943815504
2022-05-17,-0.29582379162311556,-0.2979982353229609,20,-0.31428449220127525,0.04055347260180485,-0.322781123233197,0.053427316247736154
2022-05-18,-0.4316843032836914,-0.4980204049770067,30,-0.3379179447889327,0.08134514281649345,-0.36075479325331955,0.11902065539712342
2022-05-19,-0.44326080530881884,-0.4892229705573759,40,-0.3902563000718751,0.08198553432605321,-0.428413870285781,0.11302887726222278
2022-05-20,-0.47823786437511445,-0.4755625977967883,40,-0.4510609909892082,0.024237175682407765,-0.48760199111039015,0.011316313737768775
2022-05-23,-0.39951242208480836,-0.3835274899005889,20,-0.44033703058958046,0.039444076360183385,-0.4494376860849176,0.057487102177637
2022-05-24,-0.1476323649287224,-0.09649791331047235,20,-0.34179421712954833,0.17269494043976147,-0.31852933366928304,0.19771464030586983
2022-05-25,-0.24511548082033793,-0.2660173382797828,30,-0.26408675594462283,0.12700717601033143,-0.24868091383028124,0.14429798393912285
2022-05-26,-0.15853758603334428,-0.10473321289150332,40,-0.1837618105941348,0.05341287859219324,-0.15574948816058606,0.0955834929118494
2022-05-27,-0.047318370640277864,-0.008559985962941285,40,-0.15032381249798663,0.09915404054128714,-0.12643684571140903,0.13009365020509478
2022-05-31,-0.3054258167743683,-0.30542581677436825,10,-0.17042725781599674,0.12946384305585065,-0.13957300520960417,0.15146844134147555
2022-06-01,-0.31250773966312406,-0.3141155031567845,20,-0.22175064235925665,0.15110427350254965,-0.20936710196469788,0.17395833133271726
2022-06-02,-0.14982998768488567,-0.07253349543214699,30,-0.25592118137412595,0.09194587778555677,-0.2306916051210998,0.13703783567921432
2022-06-03,-0.23355230540037156,-0.253569954543319,40,-0.23196334424946033,0.08135051533535388,-0.21340631771075005,0.12569926374796542
2022-06-06,-0.4072589725255966,-0.360782800912857,20,-0.2635470885369512,0.13130950392331714,-0.2289620836294409,0.1456917156557417
2022-06-07,-0.3163396239280701,-0.31328409934682777,20,-0.3190503006180127,0.08688505266745611,-0.30921228493433445,0.05372227993227654
2022-06-08,-0.2952715317408244,-0.28360754920292236,30,-0.33962337606483023,0.05951383501804811,-0.3192248164875356,0.03892908885695079
2022-06-09,-0.22812516540288924,-0.17076484651775434,40,-0.2799121070239278,0.04606931320248103,-0.2558854983558347,0.07519520220144184
2022-06-13,-0.14140386879444122,-0.14140386879444125,10,-0.22160018864605155,0.07714107800908268,-0.1985920881717059,0.07507488404240086
2022-06-14,-0.45941792577505114,-0.5316146157582247,20,-0.2763156533241271,0.16439275365380907,-0.2812611103568066,0.21730893907821777
2022-06-15,-0.3688536991675695,-0.36194442658618753,30,-0.3232251645790205,0.16384354575582336,-0.3449876370462843,0.19565724186733766
2022-06-16,-0.4090595282614231,-0.4356143994470392,40,-0.41244371773468114,0.04537685906986366,-0.4430578139304837,0.08507964849362021
2022-06-17,-0.467970772087574,-0.43024271888006543,40,-0.41529466650552216,0.04985184297245099,-0.40926718163776393,0.04107062328820961
2022-06-21,-0.3657714933156967,-0.3657714933156967,10,-0.4142672645548979,0.05129828002331092,-0.41054287054760036,0.03886606363473748
2022-06-22,-0.3675496593117714,-0.367953344923584,20,-0.40043064157168057,0.05849822553852011,-0.3879891857064486,0.03660889124721135
2022-06-23,-0.3255412409702937,-0.30557507982426657,30,-0.35295413119925384,0.023756901767830057,-0.34643330602118233,0.035401074914166955
2022-06-27,-0.3146909773349762,-0.3146909773349762,10,-0.3359272925390137,0.027917962237101187,-0.32940646736094215,0.033692302150912845
2022-06-28,-0.394336873292923,-0.4124183697950055,20,-0.34485636386606416,0.043193433124668494,-0.34422814231808263,0.05923010416479352
2022-06-29,-0.35972710847854616,-0.3522692963488597,30,-0.35625165303548173,0.03993652812449693,-0.35979288115961366,0.049296187028639485
2022-06-30,-0.3784575521945953,-0.38845130472226364,40,-0.3775071779886881,0.01732444410292192,-0.3843796569553762,0.030280546490455886
2022-07-05,-0.3548697352409363,-0.35486973524093623,10,-0.3643514653046925,0.012455311485533358,-0.3651967787706864,0.020180939114230613
2022-07-06,-0.2560767740011215,-0.2336484421755712,20,-0.3298013538122176,0.06492750979671076,-0.3256564940462569,0.08143120813905688
2022-07-07,-0.23642937342325845,-0.21563301117169353,30,-0.2824586275551053,0.06347465222105225,-0.2680503961960669,0.0757254063224808
2022-07-08,-0.28445258885622027,-0.3091362680567668,40,-0.25898624542686666,0.02414344782985804,-0.25280590713467704,0.049608175835979956
2022-07-11,-0.5352470099925994,-0.5992818748950958,20,-0.3520429907573593,0.16046601447998257,-0.3746837180411853,0.20004740390382303
2022-07-12,-0.4624553233385086,-0.4217008534253296,20,-0.4273849740624427,0.12902289512734594,-0.4433729987923973,0.14628185022587065
2022-07-13,-0.3833223481973012,-0.32467923863988757,30,-0.46034156050946967,0.07598438464827728,-0.44855398898677085,0.13925684947853886
2022-07-14,-0.35341760516166687,-0.2978979782434947,40,-0.39973175889915885,0.056340549926229985,-0.34809269010290383,0.06513777903705731
2022-07-15,-0.2533374771475792,-0.24939375689614912,40,-0.330025810168849,0.06807641831201786,-0.2906569912598437,0.03816149708436123
2022-07-18,-0.17213934361934663,-0.13043218612670898,20,-0.2596314753095308,0.09080287901051617,-0.2259079737554508,0.08616776885602001
2022-07-19,-0.17022376656532287,-0.18556973247299213,20,-0.19856686244408284,0.0474424128297822,-0.1884652251652833,0.05953361855650466
2022-07-20,-0.26037987470626833,-0.3114435239651579,30,-0.2009143282969792,0.05150757969637901,-0.20914848085495288,0.09278062372047884
2022-07-21,-0.23268150985240937,-0.24035412578956067,40,-0.22109505037466679,0.046181332713580325,-0.24578912740923678,0.06311265545124585
2022-07-22,-0.28265721499919894,-0.27718929344957566,40,-0.2585728665192921,0.025036807607411667,-0.27632898106809795,0.0355525067511056
2022-07-25,-0.3200443372130394,-0.3305527985095978,20,-0.2784610206882158,0.04383231611645087,-0.2826987392495779,0.04535102683381527
2022-07-26,-0.3545985147356987,-0.3584670136626365,20,-0.31910002231597895,0.03597994510714173,-0.3220697018739365,0.041297568295913155
2022-07-27,-0.26191461384296416,-0.21937154245106402,30,-0.3121858219305673,0.046839017581577,-0.302797118207766,0.07358444719949615
2022-07-28,-0.3114565022289753,-0.32509426047884876,40,-0.30932321026921267,0.046378762080426746,-0.3009776055308497,0.07261609540799446
2022-07-29,-0.2435641661286354,-0.21043029627984863,40,-0.27231176073352487,0.03512004873129177,-0.2516320330699204,0.06377703828717926
2022-08-01,-0.3108559399843216,-0.45777604699134816,20,-0.28862553611397734,0.03902544640961044,-0.33110020125001505,0.12378220224316938
2022-08-02,-0.42657690346240995,-0.3972577429818557,20,-0.32699900319178893,0.09256816069194969,-0.3551546954176841,0.12893595332335356
2022-08-03,-0.4293941756089528,-0.4158934129442117,30,-0.38894233968522807,0.06763947530306885,-0.42364240097247174,0.030994376774553772
2022-08-04,-0.40151004046201705,-0.37283503565510706,40,-0.41916037317779326,0.015350405184242544,-0.3953287305270581,0.021593906095953203
2022-08-05,-0.41468669921159745,-0.4636600483392208,40,-0.4151969717608557,0.01394906920834973,-0.4174628323128464,0.04543284098681711
2022-08-08,-0.4284718483686447,-0.32049730539321897,20,-0.4148895293474197,0.013482048303086637,-0.3856641297958488,0.07243847033386201
2022-08-09,-0.22294397950172423,-0.21713891905807894,20,-0.35536750902732206,0.11488908113190457,-0.33376542426350614,0.1237949879004777
2022-08-10,-0.09355892141660055,-0.028492738523173734,30,-0.24832491642898977,0.16889289839829158,-0.18870965432482378,0.14806361500448276
2022-08-11,-0.043780462443828584,0.030382445004472035,40,-0.12009445445405105,0.0924823893848154,-0.07174973752559344,0.1293061575829542
2022-08-12,-0.10420979857444763,-0.17898523169727065,40,-0.08051639414495886,0.03225688770665988,-0.05903184173865734,0.10797306900693163
2022-08-15,-0.2716826140880585,-0.1405532097816467,20,-0.13989095836877816,0.11806653443808081,-0.09638533215814833,0.1114531608892023
2022-08-16,-0.1260295569896698,-0.1425786566076177,20,-0.16730732321739192,0.09104766044537671,-0.15403903269551159,0.021627765538482932
2022-08-17,-0.07647215326627095,-0.06106078045889584,30,-0.1580614414479997,0.1014707456364999,-0.11473088228271998,0.046490703167899966
2022-08-18,-0.20283849388360978,-0.28983549377098605,40,-0.1351134013798501,0.06367103094762001,-0.16449164361249977,0.11595085860986212
2022-08-19,-0.2286241352558136,-0.2475477856066367,40,-0.16931159413523136,0.08142847266705706,-0.19948135327883942,0.12172614263295783
2022-08-22,-0.024203571677207946,0.055039988756179825,20,-0.1518887336055437,0.11132767067419815,-0.1607810968738142,0.18809869302398172
2022-08-23,-0.11290559470653534,-0.1630266403561646,20,-0.12191110054651888,0.10250739512359021,-0.11851147906887372,0.1561282805477139
2022-08-25,-0.26145142912864683,-0.40319204367468997,30,-0.1328535318374633,0.11987525438204022,-0.17039289842489147,0.22920481060589157
2022-08-29,-0.5820246160030365,-0.5820246160030365,10,-0.3187938799460728,0.2397587986599419,-0.38274776667796356,0.21024581385959476
2022-08-30,-0.5695074245333671,-0.5666657269034701,20,-0.47099448988835,0.1815775061922073,-0.5172941288603987,0.09911325971527943
2022-08-31,-0.35690970718860626,-0.25338958974125614,30,-0.5028139159083365,0.12651165405673345,-0.46735997754925407,0.18546285076160712
2022-09-01,-0.25546494498848915,-0.12063418777539375,40,-0.3939606922368208,0.16026618907135823,-0.31356316814003987,0.2290233135015432
2022-09-02,-0.11649435386061668,-0.04721729417040264,40,-0.2429563353459039,0.12069479904017578,-0.14041369056235073,0.10449964312433417
2022-09-06,-0.1659625291824341,-0.16596252918243404,10,-0.17930727601051322,0.07043981828863947,-0.11127133704274338,0.05992374270601731
2022-09-07,-0.1065978765487671,-0.09312070053068634,20,-0.12968491986393918,0.031804618677083764,-0.10210017462784089,0.05987972048875681
2022-09-08,-0.06691018342971802,-0.041026097537967855,30,-0.11315686305363963,0.04985084781382262,-0.1000364424170293,0.06275466996480723
2022-09-09,-0.06367487609386444,-0.04671074055569052,40,-0.07906097869078307,0.023902455127449457,-0.0602858462081148,0.028577518005382645
2022-09-12,-0.33890238106250764,-0.5098624372482299,20,-0.1564958135286966,0.15797700374734663,-0.19919975844729598,0.26905678544015355
2022-09-13,-0.4670931726694107,-0.43150889831265477,20,-0.2898901432752608,0.2061267330858958,-0.3293606920388583,0.24789728834944944
2022-09-14,-0.4128731350104014,-0.3688114628261086,30,-0.4062895629141065,0.06434848350475536,-0.436727599462331,0.07067015266450757
2022-09-15,-0.3855569392442703,-0.34017354911557124,40,-0.42184108230802736,0.041501293947777775,-0.3801646367514448,0.04671410302973367
2022-09-16,-0.2685708671808243,-0.23961357420320778,40,-0.3556669804784985,0.07665404980465555,-0.31619952871496243,0.06785343651415537
2022-09-19,-0.3497548639774323,-0.46607287049293517,20,-0.33462755680084216,0.05994215404053977,-0.34861999793723797,0.11346567803649905
2022-09-20,-0.3168462425470352,-0.26536365887008223,20,-0.31172399123509714,0.040833667822582624,-0.32368336785540824,0.12398324306578501
2022-09-21,-0.28673900763193766,-0.24620098157457374,30,-0.31778003805213495,0.03151830449553311,-0.3258791703125303,0.12178878120741629
2022-09-22,-0.31471066921949387,-0.31314755140593553,40,-0.30609863979948876,0.016799901386811606,-0.27490406395019706,0.034477895815520423
2022-09-23,-0.3364430695772171,-0.4366112163287838,40,-0.3126309154762161,0.024917212428152365,-0.33198658310309753,0.09659294079410463
2022-09-26,-0.651527363061905,-0.6641150951385497,20,-0.4342270339528718,0.1885010585633354,-0.47129128762442285,0.17803534676358285
2022-09-27,-0.516116949915886,-0.4806127396843878,20,-0.5013624608516692,0.15805947997778025,-0.5271130170505737,0.1206698411564442
2022-09-28,-0.3991019686063131,-0.32492936974436093,30,-0.5222487605280345,0.12632436133839467,-0.489885734855766,0.169782891974963
2022-09-29,-0.3153323784470558,-0.21033672851254537,40,-0.4101837656564182,0.10084996630825195,-0.3386262793137646,0.13565760042310526
